CommentID,level,reason,status,detected_at,resolved_at
28573885165557219,low,Quan điểm tiêu cực về sản phẩm bảo hiểm liên kết đầu tư (ILP) và tình trạng khách hàng.,new,2026-09-04T11:09:04.271608,
1745956163278374,low,Khó khăn trong việc mua bảo hiểm sức khỏe và bị từ chối sản phẩm bổ trợ do tiền sử bệnh lý.,new,2026-09-04T11:09:04.271608,
1746102479930409,low,Bị từ chối/loại trừ bảo hiểm sức khỏe cho trẻ em vì tiền sử bệnh nhẹ.,new,2026-09-04T11:09:04.271608,
1746061706601153,low,Phàn nàn cá nhân về tính cạnh tranh của sản phẩm bảo hiểm.,new,2026-09-04T11:09:04.271608,
1746544773219513,low,Phàn nàn cá nhân về chi phí và chính sách tái tục của sản phẩm bảo hiểm.,new,2026-09-04T11:09:04.271608,
1746510219889635,low,Phàn nàn cá nhân về chi phí sản phẩm cao.,new,2026-09-04T11:09:04.271608,
2501928813644343,low,Bảo hiểm không kịp thời có mặt tại hiện trường tai nạn.,new,2026-09-04T11:09:20.840351,
2249682995969654,low,Phát ngôn tiêu cực về ngành bảo hiểm.,new,2026-09-08T17:37:31.513887,
1618467626404204,medium,"Mất niềm tin vào ngành bảo hiểm do công ty né tránh bồi thường, cần TVV 'đấu tranh'.",new,2026-09-08T17:38:24.050074,
1619993716251595,low,Phan nan ve cach tu van vien tuong tac cong khai.,new,2026-09-08T17:42:48.789818,
1620876532829980,low,phan nan ve phi bao hiem cao,new,2026-09-08T17:46:29.528433,
2110621766205625,low,"Trải nghiệm tiêu cực về quy trình bồi thường phức tạp, mất thời gian.",new,2026-09-08T17:48:26.847233,
28630180989927636,medium,"Khách hàng tố cáo quy trình bồi thường phức tạp, thiếu hỗ trợ, cố tình làm khó và từ chối chi trả không hợp lý từ MIC.",new,2026-09-08T17:52:25.991083,
28630182859927449,medium,"Khách hàng tố cáo quy trình bồi thường phức tạp, thiếu hỗ trợ, cố tình làm khó và từ chối chi trả không hợp lý từ MIC.",new,2026-09-08T17:52:25.991083,
28630228759922859,low,Khách hàng phàn nàn về việc thiếu hỗ trợ từ công ty bảo hiểm.,new,2026-09-08T17:52:25.991083,
28638002242478844,low,"Lời khuyên tiêu cực chung chung, có thể ám chỉ ngành bảo hiểm.",new,2026-09-08T17:52:25.991083,
28639078045704597,low,Bình luận tiêu cực chung về việc các công ty bảo hiểm trục lợi.,new,2026-09-08T17:52:25.991083,
1747374259803231,low,Phàn nàn về chất lượng dịch vụ bancassurance.,new,2026-09-08T17:53:53.903443,
1748216566385667,low,"Người dùng cảm thấy bị ép mua bảo hiểm và gói sản phẩm không phù hợp, gây thiệt hại tài chính.",new,2026-09-08T17:58:30.745588,
1748264663047524,low,Quy trình bồi thường không nhanh gọn lẹ.,new,2026-09-08T17:58:30.745588,
1748343166373007,low,"Lo ngại về cam kết lâu dài, khó rút lui khỏi hợp đồng.",new,2026-09-08T17:58:53.342034,
1748490659691591,low,Phàn nàn về quyền lợi chi trả ung thư hạn chế và phí cao của Generali.,new,2026-09-08T17:59:24.065350,
1749712886236035,low,nghi ngo tu van sai thong tin,new,2026-09-08T17:59:42.458627,
1749713566235967,low,nghi ngo tu van sai thong tin,new,2026-09-08T17:59:42.458627,
1749812286226095,low,nghi ngo tu van sai thong tin,new,2026-09-08T17:59:42.458627,
1748313529709304,low,Nghi ngờ TVV gian lận chiết khấu.,new,2026-09-08T18:00:04.812502,
1748317836375540,low,Xác nhận TVV tự cắt hoa hồng.,new,2026-09-08T18:00:04.812502,
1748216499719007,low,"Cảm thấy bị ép mua bảo hiểm không phù hợp, quyền lợi thấp.",new,2026-09-08T18:00:04.812502,
1748300339710623,low,Lời tư vấn sai của đại lý có thể gây mất quyền lợi cho khách hàng.,new,2026-09-08T18:01:14.376930,
1748301213043869,low,Phản ánh về chất lượng đại lý bảo hiểm kém.,new,2026-09-08T18:01:14.376930,
1748305339710123,low,Lời tư vấn sai và không nhất quán từ đại lý.,new,2026-09-08T18:01:14.376930,
1748305689710088,low,Lời tư vấn sai từ nhiều đại lý gây khó khăn cho khách hàng.,new,2026-09-08T18:01:14.376930,
1748306866376637,low,Tư vấn sai thông tin từ đại lý.,new,2026-09-08T18:01:25.998610,
1748307349709922,low,Nghi ngờ chất lượng tư vấn viên.,new,2026-09-08T18:01:25.998610,
1748312496376074,low,Lo ngại về đạo đức tư vấn viên.,new,2026-09-08T18:01:25.998610,
1748313099709347,low,Tư vấn sai thông tin lặp lại.,new,2026-09-08T18:01:25.998610,
1748313849709272,low,Thái độ tư vấn viên không đúng.,new,2026-09-08T18:01:25.998610,
1748320653041925,low,Chỉ trích đạo đức tư vấn viên và cảnh báo hậu quả nghiêm trọng.,new,2026-09-08T18:01:25.998610,
1748338919706765,low,dai ly tu van sai thong tin,new,2026-09-08T18:01:35.721904,
1748381403035850,low,TVV tư vấn sai thông tin về việc kê khai.,new,2026-09-08T18:01:49.903722,
1748385979702059,low,Mất niềm tin do quá trình giải quyết vấn đề gây giằng co.,new,2026-09-08T18:01:49.903722,
1748387009701956,low,TVV không chịu trách nhiệm khi hợp đồng bị hủy.,new,2026-09-08T18:01:49.903722,
1748406939699963,low,Nhiều TVV tư vấn sai thông tin về việc kê khai.,new,2026-09-08T18:01:49.903722,
1748418789698778,low,TVV không chịu trách nhiệm khi khách hàng không được chi trả.,new,2026-09-08T18:01:49.903722,
1748439793030011,low,TVV tư vấn sai vì lợi ích cá nhân.,new,2026-09-08T18:01:49.903722,
1749063259634331,low,Tu van sai thong tin ve nghia vu ke khai.,new,2026-09-08T18:02:06.439589,
1748749626332361,low,,new,2026-09-08T18:02:06.439589,
1748572943016696,low,Phàn nàn về hiệu quả của quyền lợi ngoại trú.,new,2026-09-08T18:03:16.763207,
1748694149671242,low,nghi ngờ tư vấn viên cung cấp thông tin sai,new,2026-09-08T18:04:03.587140,
1749269539613703,low,Phàn nàn cá nhân về tư vấn viên.,new,2026-09-08T18:04:41.140027,
1749138492960141,low,ngại va chạm khi phản ánh TVV,new,2026-09-08T18:05:20.658569,
1749179952955995,low,Thời gian chờ bảo lãnh viện phí lâu gây bất tiện.,new,2026-09-08T18:06:09.327993,
1749309712943019,low,Hãng bảo hiểm bị đánh giá là 'tai tiếng'.,new,2026-09-08T18:06:09.327993,
1749821492891841,low,Quyền lợi thấp so với phí đóng,new,2026-09-08T18:06:33.627871,
1749197359620921,low,So sánh bất lợi về quyền lợi và tích lũy,new,2026-09-08T18:06:33.627871,
1749225869618070,low,Khách hàng không hài lòng với quyền lợi sản phẩm.,new,2026-09-08T18:06:33.924746,
1749235576283766,low,Khách hàng không hài lòng với phản hồi từ dịch vụ khách hàng.,new,2026-09-08T18:06:33.924746,
1749241819616475,medium,"TVV tư vấn sai thông tin, ép khách hàng mua thêm sản phẩm phụ.",new,2026-09-08T18:06:33.924746,
1749245466282777,low,Hạn chế của sản phẩm cũ gây bất tiện cho khách hàng.,new,2026-09-08T18:06:33.924746,
1749279082946082,low,Khách hàng không hài lòng với giá trị sản phẩm và tính năng tích lũy.,new,2026-09-08T18:06:33.924746,
1749216426285681,low,Không hài lòng về giá trị tích lũy thấp.,new,2026-09-08T18:07:00.830857,
1749216639618993,low,Cảm giác xót tiền do chi phí.,new,2026-09-08T18:07:00.830857,
1749246792949311,low,Không hài lòng về giá trị hoàn lại thấp.,new,2026-09-08T18:07:00.830857,
1749338566273467,low,Xót tiền vì giá trị tích lũy thấp.,new,2026-09-08T18:07:00.830857,
1750295636177760,low,"thời gian chờ bồi thường quá lâu, không rõ lý do",new,2026-09-08T18:07:29.152139,
1750292922844698,low,hợp đồng bị hủy và từ chối chi trả,new,2026-09-08T18:08:01.965456,
1750296679510989,low,bị từ chối chi trả quyền lợi,new,2026-09-08T18:08:01.965456,
1750331172840873,low,Người thân của TVV bị từ chối bảo hiểm do lịch sử bệnh án.,new,2026-09-08T18:08:20.539989,
1750345522839438,low,Gợi ý TVV không thực hiện đúng trách nhiệm khai báo.,new,2026-09-08T18:08:20.539989,
1750355642838426,low,"Nghi ngờ TVV tư vấn không kỹ, chỉ chạy KPI.",new,2026-09-08T18:08:20.539989,
1750372619503395,low,Gợi ý TVV không tư vấn đầy đủ về kê khai sức khỏe.,new,2026-09-08T18:08:20.539989,
1750393789501278,low,Ngụ ý kênh bán bảo hiểm qua ngân hàng có vấn đề.,new,2026-09-08T18:08:20.539989,
1750655132808477,low,,new,2026-09-08T18:08:32.702342,
1750672599473397,low,,new,2026-09-08T18:08:32.702342,
1750676372806353,low,,new,2026-09-08T18:08:32.702342,
1750687109471946,medium,"Tư vấn viên hướng dẫn khách hàng giấu bệnh, dẫn đến từ chối chi trả.",new,2026-09-08T18:08:32.702342,
1750697292804261,low,,new,2026-09-08T18:08:32.702342,
1750725112801479,low,,new,2026-09-08T18:08:32.702342,
1750746912799299,low,Phàn nàn cá nhân về việc hủy hợp đồng và cáo buộc gian dối.,new,2026-09-08T18:08:33.184939,
1750770689463588,low,Phàn nàn cá nhân về việc chấm dứt hợp đồng sau thẩm định.,new,2026-09-08T18:08:33.184939,
1750802092793781,low,Chỉ trích chung về trách nhiệm của ngành bảo hiểm.,new,2026-09-08T18:08:33.184939,
1750823666124957,low,Phê phán quy trình điều tra không minh bạch.,new,2026-09-08T18:08:57.259943,
1750843536122970,low,"Hợp đồng bị vô hiệu hóa do thiếu kê khai thông tin nhỏ, tư vấn viên thiếu trách nhiệm.",new,2026-09-08T18:08:57.259943,
1750849549455702,low,Gợi ý cần can thiệp pháp lý để giải quyết vấn đề với công ty bảo hiểm.,new,2026-09-08T18:08:57.259943,
1750850289455628,low,Đánh giá hành vi chấm dứt hợp đồng là 'lừa đảo' khi TVV thiếu trách nhiệm.,new,2026-09-08T18:08:57.259943,
1750851856122138,low,"Chỉ trích quảng cáo thiếu minh bạch, tư vấn sai lệch và vấn đề bancassurance.",new,2026-09-08T18:08:57.259943,
1750864222787568,low,"Chỉ trích hợp đồng khó hiểu, tư vấn viên kém chất lượng và khách hàng chịu thiệt.",new,2026-09-08T18:08:57.259943,
1750876769452980,low,Thắc mắc về thời điểm kiểm tra hồ sơ bệnh án và sự không công bằng trong đánh giá.,new,2026-09-08T18:08:57.259943,
1750892466118077,low,Người dùng cho rằng công ty bảo hiểm trục lợi bằng cách từ chối chi trả sau khi đã thu tiền.,new,2026-09-08T18:09:10.608068,
1750893772784613,low,Người dùng cho rằng công ty bảo hiểm cố tình bỏ qua thông tin để bán được hợp đồng.,new,2026-09-08T18:09:10.608068,
1750897462784244,low,Người dùng cáo buộc công ty bảo hiểm trục lợi.,new,2026-09-08T18:09:10.608068,
1750901436117180,low,Người dùng chỉ trích đạo đức của người bán bảo hiểm.,new,2026-09-08T18:09:10.608068,
1750921259448531,medium,Người dùng cáo buộc ngân hàng và công ty bảo hiểm lừa đảo khách hàng thông qua bancassurance.,new,2026-09-08T18:09:10.608068,
1750922962781694,low,Người dùng thấy yêu cầu kê khai bệnh án quá chi tiết và không hợp lý.,new,2026-09-08T18:09:10.608068,
1750946306112693,low,Người dùng chỉ trích tư vấn viên cố tình tư vấn sai để bán được hợp đồng.,new,2026-09-08T18:09:10.608068,
1750988489441808,low,Phàn nàn về tư vấn sai và lật kèo khi chi trả.,new,2026-09-08T18:09:14.636451,
1751014042772586,low,Khách hàng thiệt thòi do kê khai hồ sơ y tế không đầy đủ khi mua bảo hiểm qua ngân hàng.,new,2026-09-08T18:09:14.636451,
1751160709424586,low,Chỉ trích mạnh mẽ môi giới/ngân hàng là lừa đảo.,new,2026-09-08T18:09:14.636451,
1751177816089542,low,Trải nghiệm tiêu cực với bảo hiểm ngân hàng và quy trình bồi thường gây khó dễ.,new,2026-09-08T18:09:14.636451,
1751186459422011,low,"Hệ thống BHYT kê khai bệnh không chính xác, gây hại cho người dùng về lâu dài.",new,2026-09-08T18:09:14.636451,
1751237322750258,low,Cáo buộc công ty bảo hiểm hủy hợp đồng và chiếm đoạt tiền của người bệnh.,new,2026-09-08T18:09:35.149261,
1751393312734659,low,"Nhân viên tư vấn yêu cầu khách hàng không kê khai bệnh sử, tiềm ẩn rủi ro không được chi trả.",new,2026-09-08T18:09:35.149261,
1751394102734580,low,"Tư vấn viên tư vấn hời hợt, không trung thực vì lợi ích cá nhân, gây hại cho khách hàng.",new,2026-09-08T18:09:35.149261,
1751423499398307,low,"Công ty bảo hiểm loại trừ chi trả dựa trên lịch sử VSSID, ngay cả với các ghi nhận y tế không nghiêm trọng.",new,2026-09-08T18:09:35.149261,
1751637632710227,low,Người dùng bị loại trừ bệnh và không được chi trả bảo hiểm.,new,2026-09-08T18:09:43.284788,
1750100542863936,medium,"Chậm giải quyết quyền lợi bảo hiểm hơn 2 tháng, công ty không cung cấp lý do rõ ràng, khách hàng tìm kiếm hướng khiếu nại cơ quan nhà nước.",new,2026-09-08T18:10:49.917847,
1750043769536280,low,Phàn nàn về việc tư vấn viên ép mua sản phẩm không đúng nhu cầu.,new,2026-09-08T18:11:01.120952,
1750909556116368,low,Cảnh báo về thông tin không chính xác từ TVV cá nhân.,new,2026-09-08T18:11:33.536774,
1750313696175954,low,Giới hạn chi trả nằm viện,new,2026-09-08T18:12:01.279660,
1750332339507423,low,Điều khoản loại trừ nhiều,new,2026-09-08T18:12:01.279660,
1750722802801710,low,"Loại trừ bệnh lý tiền sử, không mua được thẻ sức khỏe.",new,2026-09-08T18:12:30.593318,
1750827116124612,low,Phàn nàn về chất lượng dịch vụ tư vấn.,new,2026-09-08T18:13:03.327597,
1751013189439338,low,Từ chối chi trả bồi thường.,new,2026-09-08T18:13:03.327597,
1751014172772573,low,Từ chối bồi thường do bệnh có trước.,new,2026-09-08T18:13:21.959253,
1750827872791203,low,Chỉ trích tư vấn ngân hàng bán bảo hiểm.,new,2026-09-08T18:13:21.959253,
1750836526123671,low,Chỉ trích tư vấn ngân hàng bán bảo hiểm.,new,2026-09-08T18:13:21.959253,
1750839436123380,low,Chỉ trích tư vấn viên bán bảo hiểm.,new,2026-09-08T18:13:21.959253,
1750848389455818,low,Mô tả hành vi tư vấn sai của ngân hàng.,new,2026-09-08T18:13:21.959253,
1750848766122447,low,Mất tiền do tư vấn sai.,new,2026-09-08T18:13:21.959253,
1750849076122416,low,Mất tiền do tư vấn sai.,new,2026-09-08T18:13:21.959253,
1750903196117004,low,Chỉ trích tư vấn viên bán bảo hiểm.,new,2026-09-08T18:13:21.959253,
1751017432772247,low,khach hang bi tu choi boi thuong,new,2026-09-08T18:14:14.849423,
2503130946857463,low,Kêu gọi tẩy chay sản phẩm/công ty.,new,2026-09-08T18:16:23.971643,
2503159420187949,medium,"Ngôn ngữ xúc phạm nghiêm trọng, có thể gây ảnh hưởng xấu.",new,2026-09-08T18:16:23.971643,
2503166980187193,low,Khuyên tránh xa sản phẩm/công ty.,new,2026-09-08T18:16:23.971643,
2503190276851530,low,Gợi ý khởi kiện.,new,2026-09-08T18:16:23.971643,
2503215313515693,low,Thắc mắc về việc chưa khởi kiện.,new,2026-09-08T18:16:23.971643,
2503233813513843,low,Khuyến khích khởi kiện.,new,2026-09-08T18:16:23.971643,
2503273666843191,low,"Vấn đề kéo dài, gây bức xúc.",new,2026-09-08T18:16:23.971643,
2503316870172204,low,"Vấn đề kéo dài, gây khó chịu.",new,2026-09-08T18:16:23.971643,
2503767776793780,low,Khuyến khích khởi kiện.,new,2026-09-08T18:16:23.971643,
2503772053460019,low,Người dùng đã tham khảo luật sư và cho rằng công ty bảo hiểm cố tình.,new,2026-09-08T18:16:34.860566,
2503779823459242,low,Cảnh báo về việc chọn bảo hiểm giá rẻ có thể gây bực mình.,new,2026-09-08T18:16:34.860566,
2503972970106594,low,Cảnh báo về trải nghiệm bồi thường tệ của các công ty bảo hiểm giá rẻ.,new,2026-09-08T18:16:34.860566,
2503721326798425,low,Cảnh báo tiêu cực về một đối tượng cụ thể.,new,2026-09-08T18:16:59.661044,
2504082620095629,low,"Công ty bảo hiểm bị tố lừa bẫy, trừ tiền không minh bạch.",new,2026-09-08T18:17:16.314996,
2504084263428798,low,Công ty bảo hiểm ép khách hàng chấp nhận điều khoản không văn bản.,new,2026-09-08T18:17:16.314996,
2504086400095251,low,"Công ty bảo hiểm trì hoãn giải quyết bồi thường, gây thiệt hại.",new,2026-09-08T18:17:16.314996,
2504148090089082,low,Công ty bảo hiểm cố tình trì hoãn xử lý yêu cầu bồi thường.,new,2026-09-08T18:17:16.314996,
2504157363421488,low,"Tố cáo hành vi ép giá, gian lận của công ty bảo hiểm.",new,2026-09-08T18:17:35.977105,
2505659283271296,low,Cảnh báo về các hành vi gây khó dễ trong bồi thường của công ty bảo hiểm.,new,2026-09-08T18:17:35.977105,
2505917169912174,low,Cảnh báo về hành vi ép giá bồi thường của công ty bảo hiểm.,new,2026-09-08T18:17:35.977105,
2505872283249996,low,Sản phẩm MIC không đền bù PIN xe điện.,new,2026-09-08T18:17:54.883730,
2506564566514101,low,Chê bai hãng bảo hiểm không rõ tên.,new,2026-09-08T18:17:54.883730,
2506702886500269,low,Khó khăn trong quá trình mua bảo hiểm.,new,2026-09-08T18:18:06.843406,
2506753639828527,low,Khả năng bị từ chối chi trả do loại giường.,new,2026-09-08T18:18:06.843406,
2506758356494722,low,Thiếu minh bạch trong quy trình từ chối chi trả.,new,2026-09-08T18:18:06.843406,
2507615123075712,low,"Người dùng không chấp nhận kết quả, có thể liên quan đến bồi thường.",new,2026-09-08T18:18:25.364132,
2506826593154565,low,Lỗi sản phẩm có thể ảnh hưởng đến nhiều người dùng.,new,2026-09-08T18:18:28.515053,
2506827189821172,low,Phàn nàn cụ thể về một công ty bảo hiểm.,new,2026-09-08T18:18:28.515053,
2506829439820947,low,Từ chối bảo hành gây bức xúc cho người dùng.,new,2026-09-08T18:18:28.515053,
2506846056485952,low,Nhận xét tiêu cực về chất lượng sản phẩm.,new,2026-09-08T18:18:28.515053,
2506858183151406,low,Người dùng bày tỏ sự bức xúc rõ ràng về một vấn đề.,new,2026-09-08T18:18:28.515053,
2506859149817976,low,Phàn nàn về cách xử lý và giao tiếp của hãng.,new,2026-09-08T18:18:28.515053,
2506909319812959,low,"Đề xuất người dùng phản đối quyết định từ chối bảo hành, chỉ ra lỗi sản phẩm.",new,2026-09-08T18:18:28.515053,
2506922223145002,low,Người dùng cảm thấy quyết định từ chối bảo hành là vô lý.,new,2026-09-08T18:18:28.515053,
2506923663144858,low,Cáo buộc bảo hiểm né tránh trách nhiệm.,new,2026-09-08T18:18:28.515053,
2506925153144709,low,Người dùng bức xúc về việc từ chối bảo hành lỗi rõ ràng.,new,2026-09-08T18:18:28.515053,
2506928929810998,medium,"Giải thích chi tiết lỗi sản phẩm có thể mang tính hệ thống, ảnh hưởng đến nhiều xe và dẫn đến việc từ chối bảo hành.",new,2026-09-08T18:18:28.515053,
2506974639806427,low,Từ chối bồi thường không hợp lý.,new,2026-09-08T18:18:45.134731,
2507056813131543,low,"Đối tác tìm cách từ chối bảo hành, phân biệt đối xử.",new,2026-09-08T18:18:45.134731,
2507309346439623,low,Lý do từ chối bồi thường không thỏa đáng.,new,2026-09-08T18:18:45.134731,
2507384833098741,low,Lỗi thiết kế xe.,new,2026-09-08T18:18:45.134731,
2507435973093627,low,"Lý do từ chối bồi thường không rõ ràng, thiết kế xe bất tiện.",new,2026-09-08T18:18:45.134731,
2507584329745458,low,Thiết kế sản phẩm có lỗi.,new,2026-09-08T18:18:45.134731,
2507612693075955,low,Từ chối bảo hành.,new,2026-09-08T18:18:45.134731,
2253256898945597,low,"Lỗi hệ thống ghi nhận phí bảo hiểm, gây mất hợp đồng và khó chứng minh.",new,2026-09-14T18:00:37.757085,
2253299705607983,low,Nghi ngờ tư vấn viên chiếm đoạt phí bảo hiểm của khách hàng.,new,2026-09-14T18:00:37.757085,
2253300185607935,low,nghi ngo tvv bien thu tien,new,2026-09-14T18:01:00.415808,
2253334975604456,low,tvv co tinh lua doi trong thu phi,new,2026-09-14T18:01:00.415808,
1622488282668805,low,"quy trình phức tạp, cam kết dài hạn",new,2026-09-15T09:39:20.492008,
1622804612637172,low,"TVV không nhận được thông báo từ công ty, có thể ảnh hưởng đến khách hàng.",new,2026-09-15T09:42:52.591194,
1622809645970002,low,TVV không nhận được thông báo từ công ty trong quá trình tranh chấp.,new,2026-09-15T09:42:52.591194,
1622814529302847,low,"Chất lượng dịch vụ tổng đài kém, nhân viên thiếu nghiệp vụ.",new,2026-09-15T09:42:52.591194,
1622825575968409,medium,"Tranh chấp pháp lý kéo dài về người thụ hưởng, công ty thắng kiện, gia đình không nhận được bồi thường.",new,2026-09-15T09:42:52.591194,
1623049812612652,low,Tư vấn viên không nhận được thông báo.,new,2026-09-15T09:43:07.011968,
1623053212612312,medium,Chậm trễ 10 tháng chấp thuận người thụ hưởng sau khi NDBH qua đời.,new,2026-09-15T09:43:07.011968,
1623253472592286,low,"Nghi ngờ quy trình chi trả không đúng, thiếu minh bạch.",new,2026-09-15T09:43:19.289415,
1623272145923752,medium,"Vu kien tung keo dai, lien quan den quy trinh boi thuong va xac dinh nguoi thu huong.",new,2026-09-15T09:43:36.193246,
1623323232585310,medium,"Mâu thuẫn thông tin từ TVV và công ty, dẫn đến tranh chấp pháp lý.",new,2026-09-15T09:43:48.831521,
1623236859260614,low,Phàn nàn về quy trình xử lý hợp đồng kém hiệu quả.,new,2026-09-15T09:44:33.325428,
1623383009245999,low,"Phàn nàn về ràng buộc hợp đồng, giới hạn chi trả và chi phí cao của bảo hiểm tư nhân.",new,2026-09-15T09:47:49.767805,
1626971838887116,low,chất lượng tư vấn kém,new,2026-09-15T10:08:45.964799,
1626984048885895,low,Tu van vien bo mac khach hang,new,2026-09-15T10:10:12.604047,
2112636139337521,low,chinh sach cong ty han che quyen loi,new,2026-09-15T10:13:41.868972,
2114587512475717,low,Ngụ ý khó khăn trong chi trả bồi thường.,new,2026-09-15T10:16:57.359968,
2116402858960849,low,"Quyền lợi bảo hiểm không còn phù hợp nhu cầu, cảm thấy thiếu thốn.",new,2026-09-15T10:23:47.053011,
28683345404611194,low,Chỉ trích chất lượng tư vấn viên,new,2026-09-15T10:40:09.740338,
28702630329349368,low,Phàn nàn về quy trình tuyển dụng và thu nhập không minh bạch.,new,2026-09-15T10:40:37.254750,
28716647581280976,low,,new,2026-09-15T10:41:04.630419,
1755749185632405,low,,new,2026-09-15T10:41:04.630419,
1755874912286499,low,thieu minh bach thong tin danh sach benh vien,new,2026-09-15T10:41:34.126136,
1755875838953073,low,"khong minh bach ve phi tru bao lanh, dan den mat niem tin",new,2026-09-15T10:41:34.126136,
1756021612271829,low,lo ngai ve viec bi cat hop dong sau khi claim,new,2026-09-15T10:41:34.126136,
1751796209361036,low,Khách hàng bị từ chối bồi thường và mất niềm tin.,new,2026-09-15T10:41:49.497330,
1752040159336641,low,Khách hàng bức xúc về việc bị từ chối chi trả dựa trên dữ liệu VSSID.,new,2026-09-15T10:42:37.415845,
1752129152661075,medium,Cáo buộc bảo hiểm là lừa đảo và cố tình làm ngơ để chấm dứt hợp đồng.,new,2026-09-15T10:42:37.415845,
1752339552640035,low,Ám chỉ trải nghiệm tiêu cực khi sử dụng bảo hiểm lúc nằm viện.,new,2026-09-15T10:42:37.415845,
1752341259306531,low,Phàn nàn cá nhân về quy trình y tế ảnh hưởng bảo hiểm.,new,2026-09-15T10:42:54.896894,
1752358039304853,low,"Ngôn ngữ công kích cá nhân, gây tranh cãi.",new,2026-09-15T10:42:54.896894,
1752383235969000,low,Phàn nàn về quy trình thẩm định bệnh có sẵn gây khó khăn cho khách hàng.,new,2026-09-15T10:42:54.896894,
1752510592622931,low,Khách hàng cảm thấy bị đổ lỗi và bất công.,new,2026-09-15T10:43:09.605918,
1752538552620135,medium,"Tố cáo công ty bảo hiểm cố tình lừa đảo, thu tiền rồi từ chối chi trả.",new,2026-09-15T10:43:09.605918,
1752683762605614,low,nghi ngờ nhân viên lừa dối khách hàng,new,2026-09-15T10:43:27.338344,
1752716915935632,medium,giải thích hành vi gian lận của TVV gây ảnh hưởng uy tín ngành,new,2026-09-15T10:43:27.338344,
1752732912600699,medium,"từ chối chi trả ung thư vú, cáo buộc khách hàng giấu bệnh, khách hàng hủy 3 hợp đồng",new,2026-09-15T10:43:27.338344,
1752752979265359,low,phẫn nộ về việc từ chối chi trả bảo hiểm,new,2026-09-15T10:43:27.338344,
1752949702579020,medium,"Tố cáo lừa đảo bởi TVV và giám đốc chi nhánh, thiệt hại tài chính lớn.",new,2026-09-15T10:46:29.596475,
1753054522568538,low,Phàn nàn về quy trình khai báo y tế và việc mua bảo hiểm qua ngân hàng.,new,2026-09-15T10:46:29.596475,
1753058332568157,low,Phàn nàn về việc truy vết lịch sử y tế quá xa và ghi nhận bệnh án không chính xác.,new,2026-09-15T10:46:29.596475,
1753825189158138,low,"Quy trình sử dụng BHYT tại bệnh viện gây khó hiểu, bất tiện.",new,2026-09-15T10:46:57.726713,
1753888585818465,low,Chi phí BHYT theo công ty bị cho là đắt.,new,2026-09-15T10:46:57.726713,
1754579789082678,low,"Ép mua bảo hiểm, tư vấn không kỹ.",new,2026-09-15T10:47:09.826636,
1754864135720910,low,"Ép mua bảo hiểm, ghét ngân hàng.",new,2026-09-15T10:47:09.826636,
1755067305700593,low,Quan điểm tiêu cực về bảo hiểm.,new,2026-09-15T10:47:09.826636,
1755116519029005,low,Khách hàng bị cắt quyền lợi và từ chối chi trả.,new,2026-09-15T10:47:45.136977,
1755159475691376,low,Khách hàng cho rằng bị từ chối chi trả không hợp lý dù bệnh đã khỏi hoặc phát hiện sau khi mua.,new,2026-09-15T10:48:00.370658,
1755161665691157,low,Mất niềm tin vào ngành bảo hiểm do các hành vi tiêu cực.,new,2026-09-15T10:48:00.370658,
1755162942357696,low,Người dùng cảm thấy luôn thua thiệt khi tham gia bảo hiểm.,new,2026-09-15T10:48:00.370658,
1755181935689130,low,Chia sẻ kinh nghiệm tiêu cực cá nhân.,new,2026-09-15T10:48:16.045722,
1755240892349901,low,"Cảnh báo tiêu cực về rủi ro bị từ chối bồi thường, khuyên tránh xa BHNT.",new,2026-09-15T10:48:35.108061,
1755367119003945,low,"Tái khẳng định quan điểm tiêu cực, cảnh báo về 'niềm tin mù quáng' trong bảo hiểm.",new,2026-09-15T10:48:35.108061,
1755381872335803,low,Quy trình thẩm định và hoàn phí gây bất mãn.,new,2026-09-15T10:48:55.331385,
1755387875668536,low,Tố cáo hành vi từ chối bồi thường dựa trên lịch sử bệnh án không liên quan.,new,2026-09-15T10:48:55.331385,
1756248725582451,low,Khách hàng bức xúc vì bị từ chối bồi thường sau nhiều năm đóng phí do bệnh lý không được thẩm định rõ ràng từ đầu.,new,2026-09-15T10:49:11.973097,
1756283902245600,low,Quy trình kiểm tra sức khỏe sau ký hợp đồng gây bức xúc.,new,2026-09-15T10:49:34.135632,
1756795065527817,medium,"Tư vấn viên tư vấn sai, không kê khai bệnh lý, chối bỏ trách nhiệm, làm xấu ngành.",new,2026-09-15T10:49:34.135632,
1751530292720961,low,Khai sai thông tin trong hồ sơ bồi thường.,new,2026-09-15T10:55:30.231747,
1751553539385303,low,Phàn nàn cá nhân về việc TVV khai sai thông tin.,new,2026-09-15T10:55:56.952642,
1751603649380292,low,nguoi dung huy hop dong do khong hai long,new,2026-09-15T10:56:41.140314,
1751667426040581,low,rủi ro tăng phí/cắt thẻ khi claim nhiều,new,2026-09-15T11:01:58.611782,
1751670682706922,low,"Người dùng bức xúc về việc thẻ bảo hiểm bị cắt, ảnh hưởng quyền lợi.",new,2026-09-15T11:02:16.248682,
1751660849374572,low,"phí cao, loại trừ nhiều",new,2026-09-15T11:04:35.758828,
1751660976041226,low,khong mua duoc bao hiem,new,2026-09-15T11:04:35.758828,
1751675662706424,low,Quy trình claim qua Papaya không thuận tiện.,new,2026-09-15T11:06:48.613680,
1751941702679820,low,,new,2026-09-15T11:18:40.701051,
1752159435991380,low,Phàn nàn cá nhân về quyền lợi bảo hiểm không như mong đợi.,new,2026-09-15T11:19:35.189682,
1752578912616099,low,Tư vấn viên cung cấp thông tin sai lệch và ép khách hàng mua thêm sản phẩm.,new,2026-09-15T11:22:09.201665,
1753796232494367,low,"Khách hàng bị tư vấn sai, cố tình chốt sale và mất niềm tin.",new,2026-09-15T11:22:39.273236,
1752874889253168,low,cam giac bat luc va bi quan,new,2026-09-15T11:44:14.252928,
1752882525919071,low,Bày tỏ sự bất công và mong công lý liên quan đến bảo hiểm.,new,2026-09-15T11:44:29.715193,
1752900769250580,medium,Nhắc đến hậu quả pháp lý nghiêm trọng cho tư vấn viên.,new,2026-09-15T11:44:45.969168,
1752907275916596,low,Phàn nàn về quy trình dịch vụ bất tiện cho khách hàng.,new,2026-09-15T11:44:45.969168,
1752931559247501,low,,new,2026-09-15T11:46:54.851356,
1752939799246677,low,Phàn nàn cá nhân về thiếu sót dịch vụ hậu mãi.,new,2026-09-15T11:46:54.851356,
1752942205913103,low,Đánh giá tiêu cực về uy tín/giá trị.,new,2026-09-15T11:47:38.823959,
1752942915913032,medium,Đề cập đến việc kiện tụng và khả năng đi tù do khuất tất.,new,2026-09-15T11:47:38.823959,
1752943685912955,low,Phàn nàn về thời gian giải quyết vụ án dân sự kéo dài.,new,2026-09-15T11:47:38.823959,
1752950349245622,low,Phàn nàn về sự chậm trễ của quy trình pháp lý.,new,2026-09-15T11:47:38.823959,
1752973722576618,low,"Quy trình thay đổi người thụ hưởng bị sai, ảnh hưởng đến quyền lợi.",new,2026-09-15T11:48:01.103413,
1753177069222950,medium,"Tố cáo TVV xúi giục thay đổi người thụ hưởng, có thể dẫn đến kiện tụng.",new,2026-09-15T11:48:28.317830,
1753190245888299,low,Buộc tội nhân viên CS có liên đới trong vụ việc.,new,2026-09-15T11:48:28.317830,
1753214075885916,low,Bày tỏ sự phẫn nộ về hành vi tàn nhẫn liên quan đến quyền lợi bảo hiểm.,new,2026-09-15T11:48:28.317830,
1753225815884742,medium,"Đề cập phán quyết tòa, khuất tất, gian lận liên quan thay đổi người thụ hưởng.",new,2026-09-15T11:49:03.208654,
1753243195883004,low,Tố cáo hành vi 'cướp' liên quan đến vụ việc.,new,2026-09-15T11:49:03.208654,
1753270659213591,low,Dự đoán mất khách hàng do vụ việc tiêu cực.,new,2026-09-15T11:49:03.208654,
1753282485879075,medium,"Cáo buộc TVV làm sai hồ sơ, chiếm đoạt tài sản, đề xuất thưa công an.",new,2026-09-15T11:49:18.245242,
1753353609205296,low,nghi ngờ khả năng né tránh pháp lý,new,2026-09-15T11:50:00.795097,
1753360195871304,medium,"tố cáo trục lợi, thiếu trách nhiệm của người bán bảo hiểm",new,2026-09-15T11:50:00.795097,
1753625869178070,low,"Ám chỉ vụ việc có dấu hiệu lừa dối, mưu mô.",new,2026-09-15T11:50:18.727188,
1754594625747861,low,to cao dao duc nghe nghiep,new,2026-09-15T11:51:39.315109,
1753312595876064,low,Người dùng được khuyên khiếu nại về bồi thường/hoàn phí.,new,2026-09-15T11:52:32.153802,
1754024329138224,low,Khách hàng không được phản hồi tin nhắn trong thời gian dài.,new,2026-09-15T12:02:43.385713,
1754162549124402,low,Không nhận được phản hồi từ tư vấn viên,new,2026-09-15T12:03:15.692999,
1754238815783442,low,Phàn nàn chất lượng tư vấn viên và rủi ro bỏ rơi khách hàng.,new,2026-09-15T12:03:30.751809,
1754651299075527,low,"Người dùng phàn nàn thẻ rời PVI loại trừ nhiều, hạn mức không cao, không dùng được.",new,2026-09-15T12:16:43.956808,
1754929445714379,low,San pham khong dap ung nhu cau.,new,2026-09-15T12:19:09.778797,
1754929865714337,medium,"Quy trinh ban hang thieu minh bach, khong hoi ky thong tin suc khoe, gay thiet hai cho khach hang.",new,2026-09-15T12:19:09.778797,
1754540305753293,low,Phàn nàn về mức chi trả thấp và phí ban đầu cao.,new,2026-09-15T12:19:44.252141,
1754541892419801,low,,new,2026-09-15T12:19:57.072413,
1755144082359582,low,Người dùng bày tỏ sự tiếc nuối về các sai lầm khi mua bảo hiểm.,new,2026-09-15T13:46:19.156231,
1755401999000457,low,Người dùng thất vọng vì không được chi trả do thời gian chờ.,new,2026-09-15T13:53:40.804963,
1755400149000642,low,Phàn nàn về việc từ chối bồi thường của AIA.,new,2026-09-15T13:55:32.772957,
1755628955644428,low,Người dùng phàn nàn về giới hạn sản phẩm và trải nghiệm bồi thường tiêu cực.,new,2026-09-15T13:56:10.697575,
1755771898963467,low,Khách hàng cạch mặt AIA sau nhiều lần trải nghiệm không tốt.,new,2026-09-15T13:56:31.686849,
1755841932289797,low,nguy co tu choi boi thuong do khai bao sai,new,2026-09-15T14:03:57.165705,
1755850302288960,low,"Khách hàng không được nhắc đóng phí, có thể ảnh hưởng hợp đồng.",new,2026-09-15T14:04:14.531546,
1756556315551692,low,khong hai long quy trinh tham dinh,new,2026-09-15T14:05:26.781734,
1756024715604852,low,Người dùng bị từ chối bán bảo hiểm.,new,2026-09-15T14:06:18.541188,
1756039782270012,low,Chỉ trích TVV tư vấn sai và công ty bảo hiểm từ chối chi trả.,new,2026-09-15T14:06:18.541188,
1756526392221351,low,"Quan điểm tiêu cực về mô hình kinh doanh bảo hiểm, gây mất niềm tin.",new,2026-09-15T14:06:34.263613,
1756568272217163,low,"TVV thiếu đạo đức, bỏ rơi khách hàng sau bán.",new,2026-09-15T14:06:50.896692,
1756605918880065,low,Quan điểm tiêu cực về chi phí và giá trị bồi thường của bảo hiểm.,new,2026-09-15T14:07:07.853474,
1756783028862354,low,"Phê phán kiến thức tư vấn viên, cảnh báo ảnh hưởng quyền lợi khách hàng.",new,2026-09-15T14:07:38.886450,
1755768882297102,low,"Phí phát sinh không rõ ràng, thiếu thông báo.",new,2026-09-15T14:08:11.459374,
1755869832287007,low,thieu thong tin gay buc tuc,new,2026-09-15T14:08:28.124624,
1755870685620255,low,khac biet giua thong bao va thuc te chi tra,new,2026-09-15T14:08:28.124624,
2508428499661041,low,Phàn nàn cá nhân về sự chậm trễ.,new,2026-09-15T14:16:42.876223,
2509779706192587,low,Phàn nàn cá nhân về chậm trễ và dịch vụ kém.,new,2026-09-15T14:16:42.876223,
2509804569523434,low,Phàn nàn cá nhân về chậm trễ gây hậu quả.,new,2026-09-15T14:16:42.876223,
2511232732713951,medium,"Tố cáo cụ thể, kêu gọi tẩy chay, có khả năng lan truyền.",new,2026-09-15T14:16:42.876223,
2511233496047208,low,"Chia sẻ kinh nghiệm cá nhân tiêu cực, củng cố vấn đề chung.",new,2026-09-15T14:16:42.876223,
2511260589377832,low,Phát ngôn tiêu cực mạnh.,new,2026-09-15T14:16:58.043955,
2511285529375338,low,Đang gặp vấn đề với công ty.,new,2026-09-15T14:16:58.043955,
2511286946041863,low,"Khó khăn bồi thường, bị đẩy trách nhiệm.",new,2026-09-15T14:16:58.043955,
2511302429373648,low,Cảnh báo mạnh mẽ về trải nghiệm tiêu cực.,new,2026-09-15T14:16:58.043955,
2511365506034007,medium,"Thiệt hại tài chính lớn, khả năng khởi tố, từ ngữ xúc phạm.",new,2026-09-15T14:16:58.043955,
2509404546230103,low,Gợi ý khởi kiện tòa án nếu bảo hiểm không phản hồi.,new,2026-09-15T14:17:13.834693,
2509321982905026,low,Gợi ý tìm người hỗ trợ khi không đòi được bảo hiểm.,new,2026-09-15T14:17:13.834693,
2510232212814003,low,Phàn nàn về lý do từ chối bồi thường.,new,2026-09-15T14:17:47.141547,
2507440496426508,medium,Tranh chấp bồi thường phải ra tòa.,new,2026-09-15T14:17:47.141547,
2507453126425245,low,Phàn nàn chung về việc khấu trừ để giảm bồi thường,new,2026-09-15T14:18:03.706572,
2507454413091783,low,Vướng mắc trong quá trình bồi thường bảo hiểm.,new,2026-09-15T14:18:18.713169,
2507478443089380,low,Bức xúc về hành vi không đạo đức liên quan đến bảo hiểm.,new,2026-09-15T14:18:18.713169,
2508174409686450,low,Đề xuất xử phạt liên quan đến tranh chấp bồi thường.,new,2026-09-15T14:18:35.096354,
2508354949668396,low,Phàn nàn về sự thiếu công bằng trong thu phí và chi trả bồi thường.,new,2026-09-15T14:18:35.096354,
2508529362984288,low,Phê phán ngành bảo hiểm thiếu minh bạch,new,2026-09-15T14:20:44.616591,
2508334813003743,low,Người dùng cân nhắc kiện tụng vì mức khấu trừ cao.,new,2026-09-15T14:21:32.832198,
2508335319670359,low,Công ty bảo hiểm không đến hiện trường và khấu trừ cao.,new,2026-09-15T14:21:32.832198,
2508336063003618,low,Bảo hiểm không chi trả bồi thường.,new,2026-09-15T14:21:32.832198,
2508345613002663,low,Phàn nàn về việc bị giảm trừ bồi thường không hợp lý.,new,2026-09-15T14:22:03.227455,
2508346226335935,low,Phàn nàn về việc bị chế tài bồi thường không hợp lý.,new,2026-09-15T14:22:03.227455,
2508370476333510,medium,Đe dọa báo công an vì thông tin cá nhân bị lộ.,new,2026-09-15T14:22:29.231073,
2508381179665773,low,Gợi ý kiện công ty bảo hiểm do giám định viên không đến hiện trường.,new,2026-09-15T14:22:29.231073,
2508400739663817,medium,Hướng dẫn khiếu nại lên Cục Giám sát Bảo hiểm và khởi kiện tòa án.,new,2026-09-15T14:22:29.231073,
2508625219641369,low,,new,2026-09-15T14:22:29.231073,
2508672259636665,low,Nghi ngờ giá phụ tùng cao bất thường trong bồi thường.,new,2026-09-15T14:22:45.023578,
2508768842960340,low,"Giảm trừ bồi thường không rõ lý do, nghi ngờ năng lực nhân viên.",new,2026-09-15T14:22:45.023578,
2511588649345026,low,"Dịch vụ không hỗ trợ, dẫn đến giảm trừ bồi thường.",new,2026-09-15T14:23:00.930331,
2508332573003967,low,Chi phí sửa chữa tại hãng quá cao.,new,2026-09-15T14:23:00.930331,
2508364483000776,low,Phàn nàn về chất lượng/giá phụ tùng.,new,2026-09-15T14:23:29.316484,
2508370143000210,low,Lo ngại bị nhân viên ngân hàng làm khó về giấy tờ.,new,2026-09-15T14:27:37.203188,
2508374672999757,medium,"Tố cáo nhân viên ngân hàng lừa dối, ép mua bảo hiểm trái luật.",new,2026-09-15T14:27:37.203188,
2508376352999589,low,Phản đối mạnh mẽ.,new,2026-09-15T14:27:52.701838,
2508377209666170,low,Nhận xét tiêu cực về tư vấn viên.,new,2026-09-15T14:27:52.701838,
2508636959640195,low,Người dùng tìm kiếm thông tin tiêu cực về các công ty bảo hiểm.,new,2026-09-15T14:30:12.874353,
2508680289635862,low,Giá bảo hiểm cao hơn đáng kể so với đối thủ.,new,2026-09-15T14:30:12.874353,
2508662806304277,medium,Tố cáo công ty bảo hiểm bớt xén tiền đền bù trái luật.,new,2026-09-15T14:31:19.057533,
2508861106284447,low,Bồi thường bảo hiểm TNDS chậm trễ 8 tháng.,new,2026-09-15T14:32:44.490718,
2508898236280734,low,Quan ngại về cách làm việc thiếu văn minh của doanh nghiệp bảo hiểm TNDS.,new,2026-09-15T14:32:44.490718,
2509180752919149,low,Phàn nàn về quy trình bồi thường gây khó dễ,new,2026-09-15T14:34:03.046063,
2508736269630264,low,"Khó khăn xác minh thông tin hợp đồng, gây lo lắng về quyền lợi.",new,2026-09-15T14:34:27.979249,
2509458216224736,low,Quy trình bảo hiểm lằng nhằng.,new,2026-09-15T14:35:33.786591,
2509480346222523,low,Quy trình hỗ trợ khách hàng rắc rối.,new,2026-09-15T14:35:49.035735,
2509488569555034,low,"Rủi ro bị hủy bảo hiểm không báo trước, không được chi trả.",new,2026-09-15T14:35:49.035735,
2509413269562564,low,Nguoi dung thac mac ve quy trinh hoa giai khi bao hiem nen chi tra.,new,2026-09-15T14:37:12.698944,
2509413272895897,low,Nguoi dung thac mac ve quy trinh hoa giai khi bao hiem nen chi tra.,new,2026-09-15T14:37:12.698944,
2509433592893865,low,Quan điểm tiêu cực về giá trị của bảo hiểm.,new,2026-09-15T14:37:53.819979,
2509498346220723,low,Người dùng muốn tránh một công ty bảo hiểm cụ thể.,new,2026-09-15T14:39:12.365746,
2510204089483482,low,Người dùng bức xúc về yêu cầu giấy tờ không hợp lý từ GĐV.,new,2026-09-15T14:40:50.143701,
2510330846137473,low,Bất lực trong việc đòi bồi thường.,new,2026-09-15T14:41:07.171435,
2511006046069953,low,Phản đối việc áp dụng trách nhiệm bồi thường.,new,2026-09-15T14:41:07.171435,
2509523709551520,low,Người dùng hiểu lầm về phạm vi bảo hiểm dẫn đến chi phí không cần thiết.,new,2026-09-15T14:41:35.397516,
2509526809551210,low,Chỉ trích hành vi giám định viên tìm cách từ chối bồi thường.,new,2026-09-15T14:41:47.586178,
2509592089544682,low,Phàn nàn chung về sự khó khăn.,new,2026-09-15T14:42:38.434017,
2510197892817435,low,Thiếu tin tưởng vào tính khách quan của giám định viên.,new,2026-09-15T14:42:38.434017,
2510443259459565,low,Người dùng vẫn còn cảm xúc tiêu cực mạnh mẽ về trải nghiệm cũ.,new,2026-09-15T14:42:54.535612,
2510437046126853,low,Cảnh báo tiêu cực về một đối tượng.,new,2026-09-15T14:44:03.935774,
2511303632706861,low,Cá nhân phàn nàn về trải nghiệm dịch vụ rất tệ.,new,2026-09-15T14:44:47.294161,
2511304302706794,low,Người dùng cảnh báo về trải nghiệm tệ với Tasco.,new,2026-09-15T14:45:48.580103,
2511306019373289,low,Tasco không giải quyết bồi thường cho vụ xe bị đâm.,new,2026-09-15T14:45:48.580103,
2510528019451089,low,"Luật bảo hiểm có kẽ hở, có thể dẫn đến việc công ty bảo hiểm từ chối bồi thường.",new,2026-09-15T14:46:51.317829,
2510534516117106,low,Công ty bảo hiểm cung cấp thông tin sai lệch về bản chất hợp đồng bảo hiểm.,new,2026-09-15T14:46:51.317829,
2510536846116873,low,Người dùng bất mãn về chất lượng dịch vụ và quy trình giải quyết.,new,2026-09-15T14:47:06.677962,
2510551372782087,low,Người dùng bày tỏ lo ngại về việc các công ty bảo hiểm nhỏ có thể chây ỳ.,new,2026-09-15T14:47:06.677962,
2510564552780769,low,Tố cáo GDV lừa dối trong bồi thường.,new,2026-09-15T14:47:23.132392,
2511031222734102,low,"Ngon ngu tieu cuc, chi trich GDV.",new,2026-09-15T14:47:38.566468,
2511228892714335,low,"Ngon ngu tieu cuc, am chi bi lua dao.",new,2026-09-15T14:47:38.566468,
2511291709374720,low,"Phan nan ve quy trinh boi thuong, tu choi chi tra truc tiep.",new,2026-09-15T14:47:38.566468,
2511299392707285,low,Khuyên tránh xa một đối tượng không xác định.,new,2026-09-15T14:47:50.444514,
2511329382704286,medium,"Tố cáo lừa đảo và quy trình bồi thường không minh bạch, gây khó khăn.",new,2026-09-15T14:47:50.444514,
2511320942705130,low,"Khách hàng bị từ chối bồi thường, yêu cầu tự đòi bên thứ 3.",new,2026-09-15T14:48:07.217783,
2511325986037959,low,"Nhân viên từ chối bồi thường bằng miệng, bị coi là lừa đảo.",new,2026-09-15T14:48:07.217783,
2511332342703990,low,Phàn nàn cá nhân về chất lượng sản phẩm Tasco.,new,2026-09-15T14:48:24.629134,
2511339086036649,low,Thắc mắc về yêu cầu tự đi đòi bồi thường từ bên thứ 3.,new,2026-09-15T14:48:24.629134,
2511340979369793,low,Cáo buộc cá nhân bị lừa đảo.,new,2026-09-15T14:48:24.629134,
2511341199369771,low,Yêu cầu bồi thường bị từ chối.,new,2026-09-15T14:48:41.463832,
2511343392702885,low,Hotline hướng dẫn không rõ ràng về quy trình bồi thường.,new,2026-09-15T14:48:41.463832,
2511344866036071,low,Cáo buộc về tác động tiêu cực đến khách hàng bảo hiểm.,new,2026-09-15T14:48:41.463832,
2511363096034248,low,Người dùng phải cãi nhau và khiếu nại lên tổng công ty về việc xử lý bảo hiểm.,new,2026-09-15T14:48:58.667927,
2511400972697127,low,Tố cáo công ty làm ăn như lừa đảo.,new,2026-09-15T14:49:14.732307,
2511488512688373,low,phàn nàn về chất lượng sản phẩm/dịch vụ,new,2026-09-15T14:49:35.182576,
2511887342648490,low,phàn nàn về chất lượng sản phẩm/dịch vụ,new,2026-09-15T14:49:35.182576,
2512099899293901,low,Nguoi dung phan nan ve chat luong san pham bao hiem.,new,2026-09-15T14:51:12.661283,
2512147379289153,low,phí bảo hiểm gắn với tín dụng,new,2026-09-15T14:51:27.934368,
2512214745949083,low,Điều khoản sản phẩm phức tạp gây khó khăn cho người dùng.,new,2026-09-15T14:51:41.609981,
2512294632607761,low,"Khach hang buc xuc vi quy trinh boi thuong phuc tap, co the gay mat uy tin.",new,2026-09-15T14:51:56.873494,
2512307509273140,low,Khách hàng không hài lòng về cách làm việc của BH.,new,2026-09-15T14:52:32.707258,
2512312152606009,low,"Ngôn ngữ xúc phạm, tiêu cực.",new,2026-09-15T14:52:32.707258,
2512317542605470,low,Công ty bị tố lạm dụng vị thế để ép khách hàng.,new,2026-09-15T14:52:32.707258,
2512318655938692,low,Khách hàng phàn nàn về việc khó lấy tiền bồi thường từ Tasco.,new,2026-09-15T14:52:32.707258,
2512338159270075,low,,new,2026-09-15T14:52:50.532739,
2512341055936452,medium,"Tố cáo công ty tự ý lập hồ sơ, đòi hỏi giấy tờ không hợp lý, có dấu hiệu lừa dối.",new,2026-09-15T14:52:50.532739,
2512346392602585,low,,new,2026-09-15T14:52:50.532739,
2512349812602243,low,,new,2026-09-15T14:52:50.532739,
2512353772601847,low,"Chờ đợi lâu, không hài lòng.",new,2026-09-15T14:53:04.791808,
2512386559265235,low,Phàn nàn cá nhân với ngôn ngữ gay gắt.,new,2026-09-15T14:53:20.641712,
2512400255930532,low,Phê phán quy trình giám định bằng giọng điệu mỉa mai.,new,2026-09-15T14:53:20.641712,
2512486775921880,low,Phàn nàn cá nhân về luật.,new,2026-09-15T14:53:36.651243,
2512501569253734,low,Phàn nàn cá nhân về quy trình giám định.,new,2026-09-15T14:53:36.651243,
2512502449253646,low,Phàn nàn cá nhân về yêu cầu chứng từ.,new,2026-09-15T14:53:36.651243,
2512523759251515,low,Phản đối chính sách bảo hiểm bắt buộc.,new,2026-09-15T14:53:51.157346,
1627811808803119,low,Quan điểm tiêu cực về ngành bảo hiểm.,new,2026-09-16T10:30:33.016012,
2117440012190467,low,Bức xúc về chính sách thanh toán.,new,2026-09-16T10:36:30.942642,
2117607478840387,low,Khách hàng bức xúc về việc thu phí thanh toán thẻ tín dụng.,new,2026-09-16T10:36:47.253995,
2117433012191167,low,Khó khăn trong quy trình thanh toán bảo hiểm tại bệnh viện công.,new,2026-09-16T10:37:17.926104,
2117556535512148,low,Phàn nàn cá nhân về việc từ chối bồi thường.,new,2026-09-16T10:37:34.512393,
1756711592202831,low,Khách hàng không nhận được quà tặng như mong đợi.,new,2026-09-16T10:40:26.761054,
1756733298867327,low,khach hang bi bo roi sau ban,new,2026-09-16T10:40:43.542832,
1756778795529444,low,,new,2026-09-16T10:41:30.958596,
1756784188862238,low,,new,2026-09-16T10:41:30.958596,
1757165572157433,low,người dùng đặt câu hỏi về sự công bằng của chính sách phí,new,2026-09-16T10:44:06.970594,
1756807492193241,low,"Dịch vụ tư vấn tệ, quy trình không rõ ràng.",new,2026-09-16T10:45:23.521981,
1756842355523088,low,,new,2026-09-16T10:47:22.790639,
1756843428856314,low,,new,2026-09-16T10:47:22.790639,
1756846235522700,low,,new,2026-09-16T10:47:22.790639,
1756846978855959,low,Chính sách gây khó chịu cho khách hàng.,new,2026-09-16T10:47:38.000522,
1756848502189140,low,Chính sách gây bất mãn cho khách hàng.,new,2026-09-16T10:47:38.000522,
1756851022188888,low,Khách hàng không hài lòng với giới hạn sản phẩm và quyết định chuyển sang đối thủ.,new,2026-09-16T10:47:38.000522,
1756855715521752,low,Phàn nàn về tăng phí và phí quẹt thẻ.,new,2026-09-16T10:47:53.042841,
1756860148854642,low,Chỉ trích chính sách bảo hiểm.,new,2026-09-16T10:47:53.042841,
1756873508853306,low,Khách hàng không hài lòng về chính sách thanh toán.,new,2026-09-16T10:48:11.425214,
1756884148852242,low,Chính sách thu phí mới gây bức xúc cho người dùng.,new,2026-09-16T10:48:31.455042,
1756884498852207,low,Chính sách thay đổi từ hoàn tiền sang phải trả thêm tiền gây bất mãn.,new,2026-09-16T10:48:31.455042,
1756891945518129,low,Người dùng bày tỏ sự không ưa một công ty bảo hiểm cụ thể.,new,2026-09-16T10:48:43.156824,
1756911438849513,low,Bày tỏ áp lực tài chính cá nhân.,new,2026-09-16T10:48:59.252246,
1756915358849121,low,Phân tích chi phí phát sinh bị đẩy cho khách hàng.,new,2026-09-16T10:48:59.252246,
1756922865515037,low,"Khách hàng phải chịu phí trước đây công ty chịu, gây khó khăn tài chính.",new,2026-09-16T10:49:12.675455,
1756936428847014,low,Bất mãn nghiêm trọng với công ty.,new,2026-09-16T10:49:12.675455,
1756943632179627,low,Tu van vien tao hop dong moi khong phu hop,new,2026-09-16T10:49:31.745426,
1756965322177458,low,Phàn nàn cá nhân về chính sách bất lợi cho người dùng.,new,2026-09-16T10:50:21.513331,
1756981602175830,low,Hành động hủy hợp đồng do không hài lòng.,new,2026-09-16T10:50:21.513331,
1756986458842011,low,Chỉ trích trực tiếp chiến lược sản phẩm của công ty gây mất khách.,new,2026-09-16T10:50:21.513331,
1757053878835269,low,"Khách hàng gặp khó khăn tài chính khi tái tục, bức xúc vì chi phí phát sinh.",new,2026-09-16T10:50:36.150240,
1757054175501906,low,Khách hàng hiện tại có nguy cơ chuyển sang hãng khác do trải nghiệm không tốt.,new,2026-09-16T10:50:53.344141,
1756991882174802,low,khong duoc chi tra vien phi va benh hiem ngheo,new,2026-09-16T10:51:32.471493,
1757032512170739,low,Tư vấn viên không tư vấn đúng nhu cầu khách hàng.,new,2026-09-16T10:52:10.696126,
1757097578830899,low,Cảnh báo về tư vấn sai thông tin sản phẩm.,new,2026-09-16T10:52:45.299145,
1757102292163761,low,Trải nghiệm cá nhân về lợi nhuận thấp từ sản phẩm bảo hiểm.,new,2026-09-16T10:52:45.299145,
1757125128828144,low,Tư vấn viên bị chỉ trích về kiến thức.,new,2026-09-16T10:53:01.008874,
1757139435493380,low,Tư vấn viên cung cấp thông tin sai lệch về sản phẩm.,new,2026-09-16T10:53:01.008874,
1757164402157550,low,Quyền lợi chi trả thấp và nghi ngờ tư vấn viên.,new,2026-09-16T10:53:16.006776,
2512868609217030,low,Phàn nàn về phí cao của sản phẩm.,new,2026-09-16T10:57:40.717595,
2512874982549726,medium,"Chỉ trích đạo đức kinh doanh, ám chỉ nhiều công ty có vấn đề.",new,2026-09-16T10:57:40.717595,
2512880879215803,low,Ám chỉ cắt giảm chi phí ảnh hưởng đến bồi thường.,new,2026-09-16T10:57:40.717595,
2512892225881335,low,Phàn nàn về bồi thường kém.,new,2026-09-16T10:57:59.983918,
2512900179213873,medium,"Tố cáo Hiệp hội Bảo hiểm là 'tay sai' của DNBH, 'hãm hại người mua BH'.",new,2026-09-16T10:57:59.983918,
2512900912547133,low,Phàn nàn về chính sách điều hành ngành bảo hiểm.,new,2026-09-16T10:57:59.983918,
2512931925877365,low,Nguoi dung nghi ngo cac cong ty lon lua dao tinh vi hon.,new,2026-09-16T10:58:18.839114,
2512933389210552,low,Nguoi dung to cao cong ty bao hiem 'an day' cua khach hang.,new,2026-09-16T10:58:18.839114,
2512983532538871,low,Nguoi dung phan nan ve viec tu choi boi thuong va che tai chua du manh.,new,2026-09-16T10:58:18.839114,
2513210452516179,low,"Ngôn ngữ xúc phạm, thô tục.",new,2026-09-16T10:58:50.510336,
2513211272516097,low,"Nguoi dung co loi le tuc gian, chi trich cong ty bao hiem va de doa nhung nguoi lien quan.",new,2026-09-16T10:59:09.173952,
2513212445849313,low,Nguoi dung canh bao ve rui ro bi lua dao hoac gap van de voi bao hiem.,new,2026-09-16T10:59:09.173952,
2513219205848637,low,Nguoi dung that vong ve chat luong hoac cach lam viec cua mot don vi lon.,new,2026-09-16T10:59:09.173952,
2513234895847068,low,Chỉ đích danh công ty bảo hiểm 'MC' là 'xấu xa'.,new,2026-09-16T10:59:22.931140,
2513237605846797,low,Lời lẽ xúc phạm cá nhân.,new,2026-09-16T10:59:34.744787,
2513251962512028,low,Thể hiện sự không hài lòng về một bên cụ thể.,new,2026-09-16T10:59:34.744787,
2513257929178098,low,Lời lẽ xúc phạm cá nhân nghiêm trọng.,new,2026-09-16T10:59:34.744787,
2513259282511296,low,"Thái độ tiêu cực, hành vi thiếu đạo đức khi xử lý khiếu nại.",new,2026-09-16T10:59:54.783798,
2513263912510833,low,Chất lượng giám định kém tại các khu vực được nêu.,new,2026-09-16T10:59:54.783798,
2513362725834285,low,Công ty bảo hiểm yêu cầu tài liệu không hợp lệ và trừ tiền khách hàng.,new,2026-09-16T10:59:54.783798,
2513398535830704,low,Tố cáo công ty bảo hiểm lừa dối khách hàng.,new,2026-09-16T11:00:28.190630,
2513436052493619,low,,new,2026-09-16T11:00:43.050455,
